,kiyosumi,kiba
LPPD,-4755.977550023969,-10194.950469470703
RSME,0.338563031157373,0.37165494825518836
FPR,0.8404651162790697,0.8044820295983086
