,kiyosumi,kiba
LPPD,-4795.5898075086925,-10301.048394478441
RSME,0.340570213720414,0.37397102009872185
FPR,0.8375968992248062,0.8019873150105709
