,kiyosumi,kiba
LPPD,-2651.6678768858,-7515.5359399036415
RSME,0.24023912770319533,0.31537557811185146
FPR,0.9208527131782945,0.8561945031712473
