,kiyosumi,kiba
LPPD,-2490.19843892381,-6801.51570052687
RSME,0.23139094275877428,0.2975477003689755
FPR,0.9304651162790698,0.8739957716701903
